{"H": {"8": [[114.84229011807618, -18.905894119391366, -23.83062555736028], [115.272632900943, -18.292054298649617, -23.119833597897113], [115.3617880058757, -17.465245297172096, -22.064610593542877], [115.50359030674831, -16.882032477970373, -22.047082451176973]], "15": [[119.51387018533772, -3.9979724439502373, -15.554911813668856], [118.7697032958142, -2.846203190055883, -16.004390568854294], [119.51069388804572, -2.0707653866739943, -17.056678852129178], [120.64544641974575, -1.8935918432323846, -16.98746487032084]], "23": [[110.3517781033297, -17.278423816646324, -30.17322388371485], [109.20098641661804, -18.148280834884766, -30.119340956871703], [109.17462007025767, -18.981389289869497, -31.378884335031202], [108.95863539401724, -18.47100628825377, -32.442208564328716]], "41": [[102.61513542522944, -10.886686034239936, -28.378233849039642], [103.38129382603131, -11.042539180137315, -27.160599360923708], [102.60273174530977, -10.441482049364213, -26.0119975710586], [102.10394440755641, -9.33278324618074, -26.111728095002594]], "44": [[103.08677009633475, -10.880373730360736, -18.41818598536749], [102.39882045701015, -11.014249167846769, -17.152544724610323], [103.36404526009379, -10.7815569494909, -16.0214909714256], [104.25310091770748, -11.562896489234435, -15.799829722006374]], "50": [[97.5172267426223, -9.62526425142389, -17.210776007054765], [98.07695873654993, -9.74662493489006, -18.529734044581858], [98.0946515362988, -8.41539219946327, -19.234117884383917], [97.1817097537453, -7.644470313561475, -19.112319252332867]], "52": [[99.03230527944775, -6.749676839400561, -23.043307951284124], [99.37708242163042, -6.943348521753117, -24.4364086947143], [100.52890621487855, -6.047866363921426, -24.812029694712965], [100.51934236993284, -4.890379061203335, -24.50464299633916]], "98": [[109.93954703749776, -4.343735109930061, -15.88357429147323], [109.79987249330638, -5.262809787277735, -16.980580055240157], [109.97058168809839, -6.703286570971223, -16.567487383886046], [109.87998571888942, -7.5739884902895, -17.388179785246837]], "100": [[108.84786858102915, -9.94953559817026, -15.67057910891663], [107.57997247123626, -10.599780259765142, -15.896790040438919], [107.76968196294378, -11.882873727730754, -16.664681066013156], [108.85356257268214, -12.189955519513628, -17.112683948717926]], "102": [[106.836984292285, -13.653772490095013, -20.11272263004935], [106.4521016531965, -13.232655769458004, -21.446071344598618], [105.92509396442728, -14.41167019795185, -22.23576925066811], [106.57675295012103, -15.418438489123256, -22.34627020644564]], "104": [[104.12382195891347, -15.817738656883881, -25.875105592886264], [103.81800133710068, -15.633843418898493, -27.27215045533385], [102.52081653193885, -16.34085155162351, -27.560475644241006], [102.28848471478786, -17.40226486083738, -27.065003725391126]], "118": [[98.85983559428237, -20.541209429010305, -26.878193170933084], [99.82763938266507, -19.8187609228204, -26.102978490349923], [101.07268149018374, -20.6296720109414, -25.899766363915106], [101.02960859183241, -21.80620551224499, -25.851957275402977]], "119": [[102.17991886094578, -19.99296598649321, -25.76520337251315], [103.40700494323634, -20.63663976501107, -25.41384236383151], [103.49806029284764, -20.87041158553159, -23.9471769307583], [102.66461498129631, -20.490429273410346, -23.231339910811382]], "121": [[105.75447536595162, -19.67088841788166, -21.909306904441234], [106.21794228211908, -18.491235011454545, -21.257997704516583], [107.65482358994238, -18.51434130522217, -20.895833220332424], [108.18196013886597, -19.52549531434557, -20.626431816249426]], "126": [[115.48967495318644, -9.090319885790706, -16.50108469215402], [116.37503082605431, -7.966786549695487, -16.635534338634905], [116.85546057421853, -7.568410142195334, -15.288251923907248], [116.14087848848868, -7.149281096909322, -14.503683736198271]], "127": [[120.39450983573036, -8.052025880009374, -17.21819850835392], [120.9640272816868, -7.755143614218338, -15.958267957252149], [122.24355891844574, -7.4156544385619165, -16.004137122764373], [122.80003736047318, -7.769586433777041, -16.73331325033791]]}, "L": {"5": [[87.65495524405293, -3.2034199762482687, -17.571003697592136], [87.54021028061784, -3.4000665820089537, -16.152957927641843], [86.8486827518969, -4.689748931923715, -15.834598759645633], [85.78434450992503, -4.9137745048125465, -16.259269164925673]], "6": [[87.41802391421642, -5.5285499238177245, -15.10020431134275], [86.86909868058336, -6.788191054587198, -14.696843121435098], [86.54006569238322, -6.788559751063772, -13.260557658281583], [87.22733772596813, -6.298866450108438, -12.492780625375996]], "16": [[80.24641179370114, -28.102297915712235, -7.694657936185298], [78.91503384289597, -28.322676003626572, -8.14009559356775], [78.08893230889747, -27.092903692623462, -8.257704014843373], [77.04994156024613, -27.142285789780868, -8.769842229529749]], "23": [[82.21356114411944, -8.811416668406794, -16.489715368167445], [83.23137584971026, -7.972153166965283, -17.077728008007796], [82.56612371638575, -6.76692041026543, -17.68521507534448], [81.7149514572111, -6.8941799065446885, -18.498633474666054]], "41": [[87.20935758187352, -14.856834352859808, -23.19426335582849], [87.455827655253, -15.27384926029214, -21.825331057720646], [88.56208813617401, -16.30597827215683, -21.787661016268476], [88.57877706617364, -17.224811002441694, -22.58503283452335]], "70": [[87.34302223585993, -28.16923823786844, -27.42133950201051], [87.86520058796071, -28.84261202882844, -26.30235004387861], [87.43079043397519, -28.309163675420432, -24.991926525820602], [87.7566850869357, -28.831460152547134, -24.016598283751215]], "75": [[79.70545759740347, -26.761297609411514, -19.852294021463855], [79.3399004915471, -26.077232196888026, -18.63965491800801], [79.69754991188405, -24.612795251625823, -18.67678206165055], [79.14953626526747, -23.844675411135032, -17.935065795872074]], "76": [[80.64896644605086, -24.23593117869791, -19.417871019269935], [81.03058741191029, -22.851056392234188, -19.583672074504193], [80.15090682927986, -22.185222793013512, -20.617257634404947], [79.94815949303715, -22.705856222596918, -21.678686795820596]], "79": [[77.74591860334893, -14.707510722265534, -22.165586932952827], [76.66913176458553, -13.884159800346104, -22.6308478952027], [77.00838328283365, -12.440946093536304, -22.505107769142246], [77.93656191289321, -12.088236144572726, -21.878219285117396]], "89": [[80.44920413507845, -14.471629595543558, -17.7960323213361], [80.85186275902437, -15.852720671461123, -17.963929542261493], [80.169667680549, -16.66881198749497, -16.88986783706673], [80.24601002558225, -16.33703718111708, -15.73136510768369]], "91": [[79.60654834291003, -20.425880585632587, -15.224408516066493], [80.01273774411194, -21.806315523801388, -15.079206740933037], [78.90753197873515, -22.52185030710585, -14.34521572373645], [78.633102154412, -22.22798888861771, -13.21096862585452]], "98": [[88.33084872713515, -26.415351302132976, -12.110846005654503], [87.99433891979761, -25.096303876447394, -12.576833890406858], [88.55912244001283, -24.00115314441929, -11.71423162032667], [88.35322576238735, -22.872087347386504, -11.984448530258858]], "102": [[90.31535946329846, -16.172693509543166, -14.00816052507554], [89.61815632762445, -15.951778413837694, -15.261469638875601], [89.78538612999466, -14.512185899532309, -15.705540175740186], [89.6035593948936, -13.59838233054227, -14.924858309236868]], "104": [[88.9396000941913, -11.56037209096872, -18.832026870557364], [88.21936220689084, -11.138163857390094, -20.01392214742454], [89.1228659582925, -10.259068167676913, -20.84931650405299], [89.96081915440615, -9.583290250435502, -20.335194565303595]], "118": [[93.12545719562917, -6.26826232285399, -21.54136144228145], [92.65112074605986, -7.3346561875126985, -20.71048546674466], [92.01300461152228, -6.799703787304204, -19.464321846750842], [92.26804576257783, -5.740966774718364, -19.062011248317134]],